level_4,level_1,perc,value,diff
Yunnan,Chinese,67.54126110876005,74.30281284039214,-6.761551731632082
Yunnan,Malays,20.186203977994076,13.351957454988147,6.834246523005929
Yunnan,Indians,10.63619692481309,9.0948933171013,1.5413036077117894
Yunnan,Others,1.636337988432783,3.250336387518421,-1.6139983990856377
Yuhua West,Chinese,70.77144226161955,74.30281284039214,-3.531370578772581
Yuhua West,Malays,15.62050790608529,13.351957454988147,2.268550451097143
Yuhua West,Indians,11.020603737422137,9.0948933171013,1.9257104203208364
Yuhua West,Others,2.5874460948730236,3.250336387518421,-0.6628902926453972
Yuhua East,Chinese,73.38915180196578,74.30281284039214,-0.9136610384263548
Yuhua East,Malays,13.614852566436111,13.351957454988147,0.26289511144796407
Yuhua East,Indians,10.921004732435383,9.0948933171013,1.8261114153340827
Yuhua East,Others,2.074990899162723,3.250336387518421,-1.1753454883556977
Yishun West,Chinese,68.75107963378821,74.30281284039214,-5.551733206603927
Yishun West,Malays,18.172395923302815,13.351957454988147,4.820438468314668
Yishun West,Indians,10.433580929348766,9.0948933171013,1.3386876122474654
Yishun West,Others,2.6429435135602004,3.250336387518421,-0.6073928739582204
Yishun South,Chinese,74.35633367662204,74.30281284039214,0.05352083622990733
Yishun South,Malays,12.770339855818744,13.351957454988147,-0.5816175991694035
Yishun South,Indians,10.324407826982492,9.0948933171013,1.2295145098811915
Yishun South,Others,2.548918640576725,3.250336387518421,-0.7014177469416958
Yishun East,Chinese,68.67140513942044,74.30281284039214,-5.6314077009716925
Yishun East,Malays,19.13613996719519,13.351957454988147,5.784182512207044
Yishun East,Indians,9.75031893566612,9.0948933171013,0.65542561856482
Yishun East,Others,2.442135957718243,3.250336387518421,-0.8082004298001779
Yishun Central,Chinese,80.0,74.30281284039214,5.697187159607864
Yishun Central,Malays,9.333333333333334,13.351957454988147,-4.018624121654813
Yishun Central,Indians,8.666666666666668,9.0948933171013,-0.4282266504346328
Yishun Central,Others,2.0,3.250336387518421,-1.2503363875184208
Yio Chu Kang West,Chinese,81.16051243406179,74.30281284039214,6.8576995936696505
Yio Chu Kang West,Malays,8.553127354935945,13.351957454988147,-4.798830100052202
Yio Chu Kang West,Indians,7.761868877166542,9.0948933171013,-1.3330244399347588
Yio Chu Kang West,Others,2.5244913338357198,3.250336387518421,-0.725845053682701
Yio Chu Kang East,Chinese,88.50855745721272,74.30281284039214,14.205744616820581
Yio Chu Kang East,Indians,7.334963325183375,9.0948933171013,-1.759929991917926
Yio Chu Kang East,Others,2.93398533007335,3.250336387518421,-0.31635105744507097
Yio Chu Kang East,Malays,1.2224938875305624,13.351957454988147,-12.129463567457584
Yew Tee,Chinese,74.12491420727522,74.30281284039214,-0.1778986331169108
Yew Tee,Malays,14.481811942347289,13.351957454988147,1.1298544873591414
Yew Tee,Indians,8.098833218943033,9.0948933171013,-0.9960600981582672
Yew Tee,Others,3.2944406314344548,3.250336387518421,0.04410424391603396
Xilin,Chinese,83.85416666666666,74.30281284039214,9.551353826274521
Xilin,Indians,7.291666666666667,9.0948933171013,-1.8032266504346337
Xilin,Others,5.208333333333334,3.250336387518421,1.9579969458149131
Xilin,Malays,3.6458333333333335,13.351957454988147,-9.706124121654813
Woodleigh,Chinese,90.1639344262295,74.30281284039214,15.861121585837367
Woodleigh,Indians,4.918032786885246,9.0948933171013,-4.176860530216055
Woodleigh,Others,4.098360655737705,3.250336387518421,0.8480242682192838
Woodleigh,Malays,0.819672131147541,13.351957454988147,-12.532285323840606
Woodlands West,Chinese,58.69300911854103,74.30281284039214,-15.609803721851108
Woodlands West,Malays,28.44984802431611,13.351957454988147,15.097890569327964
Woodlands West,Indians,10.820668693009118,9.0948933171013,1.7257753759078174
Woodlands West,Others,2.0364741641337383,3.250336387518421,-1.2138622233846825
Woodlands South,Chinese,60.5916829472509,74.30281284039214,-13.711129893141234
Woodlands South,Malays,25.48144013396595,13.351957454988147,12.129482678977803
Woodlands South,Indians,10.91264303656154,9.0948933171013,1.8177497194602399
Woodlands South,Others,3.014233882221602,3.250336387518421,-0.23610250529681887
Woodlands East,Chinese,63.40697309182285,74.30281284039214,-10.895839748569287
Woodlands East,Malays,22.573552507590826,13.351957454988147,9.221595052602678
Woodlands East,Indians,11.23442571458486,9.0948933171013,2.13953239748356
Woodlands East,Others,2.7850486860014656,3.250336387518421,-0.4652877015169552
Woodgrove,Chinese,63.80368098159509,74.30281284039214,-10.499131858797043
Woodgrove,Malays,23.257110987172336,13.351957454988147,9.905153532184189
Woodgrove,Indians,10.401561628555493,9.0948933171013,1.3066683114541924
Woodgrove,Others,2.5376464026770775,3.250336387518421,-0.7126899848413433
Western Water Catchment,Chinese,82.02247191011236,74.30281284039214,7.7196590697202225
Western Water Catchment,Indians,10.112359550561797,9.0948933171013,1.017466233460496
Western Water Catchment,Others,7.865168539325842,3.250336387518421,4.614832151807422
West Coast,Chinese,89.81324278438031,74.30281284039214,15.510429943988171
West Coast,Indians,5.093378607809847,9.0948933171013,-4.001514709291453
West Coast,Others,4.4142614601018675,3.250336387518421,1.1639250725834467
West Coast,Malays,0.6791171477079796,13.351957454988147,-12.672840307280168
Wenya,Chinese,67.51740139211137,74.30281284039214,-6.785411448280769
Wenya,Malays,16.70533642691415,13.351957454988147,3.353378971926004
Wenya,Indians,12.761020881670534,9.0948933171013,3.6661275645692335
Wenya,Others,3.0162412993039442,3.250336387518421,-0.23409508821447655
Waterway East,Chinese,75.37050105857446,74.30281284039214,1.067688218182326
Waterway East,Malays,15.84333098094566,13.351957454988147,2.4913735259575134
Waterway East,Indians,6.8807339449541285,9.0948933171013,-2.214159372147172
Waterway East,Others,1.9054340155257588,3.250336387518421,-1.344902371992662
Victoria,Chinese,86.40776699029125,74.30281284039214,12.104954149899115
Victoria,Indians,9.70873786407767,9.0948933171013,0.6138445469763685
Victoria,Others,2.912621359223301,3.250336387518421,-0.3377150282951198
Victoria,Malays,0.9708737864077669,13.351957454988147,-12.38108366858038
Upper Thomson,Chinese,86.02504943968358,74.30281284039214,11.722236599291449
Upper Thomson,Indians,7.053394858272907,9.0948933171013,-2.0414984588283938
Upper Thomson,Others,3.493737640079104,3.250336387518421,0.243401252560683
Upper Thomson,Malays,3.4278180619644036,13.351957454988147,-9.924139393023744
Upper Paya Lebar,Chinese,86.10038610038609,74.30281284039214,11.797573259993953
Upper Paya Lebar,Indians,8.558558558558559,9.0948933171013,-0.5363347585427416
Upper Paya Lebar,Malays,3.2175032175032174,13.351957454988147,-10.13445423748493
Upper Paya Lebar,Others,2.1235521235521233,3.250336387518421,-1.1267842639662975
Ulu Pandan,Chinese,84.80894687791239,74.30281284039214,10.506134037520255
Ulu Pandan,Others,8.946877912395154,3.250336387518421,5.696541524876733
Ulu Pandan,Indians,5.591798695246971,9.0948933171013,-3.5030946218543297
Ulu Pandan,Malays,0.65237651444548,13.351957454988147,-12.699580940542667
Tyersall,Chinese,74.7159090909091,74.30281284039214,0.41309625051695775
Tyersall,Others,15.625,3.250336387518421,12.37466361248158
Tyersall,Indians,8.238636363636363,9.0948933171013,-0.8562569534649374
Tyersall,Malays,1.4204545454545454,13.351957454988147,-11.931502909533602
Turf Club,Chinese,83.33333333333334,74.30281284039214,9.030520492941207
Turf Club,Indians,13.636363636363635,9.0948933171013,4.541470319262334
Turf Club,Others,3.0303030303030303,3.250336387518421,-0.22003335721539052
Trafalgar,Chinese,76.83035714285714,74.30281284039214,2.527544302465003
Trafalgar,Malays,10.0,13.351957454988147,-3.3519574549881472
Trafalgar,Indians,9.933035714285714,9.0948933171013,0.8381423971844129
Trafalgar,Others,3.2366071428571432,3.250336387518421,-0.013729244661277562
Townsville,Chinese,82.58308792595709,74.30281284039214,8.280275085564952
Townsville,Indians,7.993268826251578,9.0948933171013,-1.1016244908497228
Townsville,Malays,6.983592763988221,13.351957454988147,-6.368364690999926
Townsville,Others,2.440050483803113,3.250336387518421,-0.8102859037153078
Toh Guan,Chinese,75.59055118110236,74.30281284039214,1.28773834071022
Toh Guan,Malays,11.689884918231375,13.351957454988147,-1.6620725367567726
Toh Guan,Indians,9.933373712901272,9.0948933171013,0.8384803957999711
Toh Guan,Others,2.786190187764991,3.250336387518421,-0.46414619975342974
Toa Payoh West,Chinese,84.11985018726593,74.30281284039214,9.81703734687379
Toa Payoh West,Indians,6.741573033707865,9.0948933171013,-2.353320283393436
Toa Payoh West,Malays,4.644194756554307,13.351957454988147,-8.70776269843384
Toa Payoh West,Others,4.49438202247191,3.250336387518421,1.2440456349534896
Toa Payoh Central,Chinese,82.5691056910569,74.30281284039214,8.266292850664769
Toa Payoh Central,Malays,7.739837398373983,13.351957454988147,-5.612120056614164
Toa Payoh Central,Indians,6.471544715447155,9.0948933171013,-2.623348601654146
Toa Payoh Central,Others,3.2195121951219514,3.250336387518421,-0.030824192396469385
Tiong Bahru Station,Chinese,82.66346730653869,74.30281284039214,8.360654466146556
Tiong Bahru Station,Indians,8.158368326334733,9.0948933171013,-0.9365249907665678
Tiong Bahru Station,Malays,5.758848230353929,13.351957454988147,-7.593109224634218
Tiong Bahru Station,Others,3.4193161367726455,3.250336387518421,0.16897974925422465
Tiong Bahru,Chinese,88.52459016393442,74.30281284039214,14.221777323542284
Tiong Bahru,Indians,6.311475409836066,9.0948933171013,-2.7834179072652345
Tiong Bahru,Others,3.278688524590164,3.250336387518421,0.028352137071743222
Tiong Bahru,Malays,1.8852459016393444,13.351957454988147,-11.466711553348803
Telok Blangah Way,Chinese,75.30402245088868,74.30281284039214,1.001209610496545
Telok Blangah Way,Malays,12.628624883068287,13.351957454988147,-0.72333257191986
Telok Blangah Way,Indians,10.009354536950422,9.0948933171013,0.9144612198491213
Telok Blangah Way,Others,2.05799812909261,3.250336387518421,-1.1923382584258109
Telok Blangah Rise,Chinese,80.8972503617945,74.30281284039214,6.594437521402369
Telok Blangah Rise,Indians,11.50506512301013,9.0948933171013,2.4101718059088295
Telok Blangah Rise,Malays,5.499276410998553,13.351957454988147,-7.852681043989595
Telok Blangah Rise,Others,2.098408104196816,3.250336387518421,-1.1519282833216047
Telok Blangah Drive,Chinese,78.375,74.30281284039214,4.072187159607864
Telok Blangah Drive,Indians,10.8125,9.0948933171013,1.7176066828986993
Telok Blangah Drive,Malays,8.4375,13.351957454988147,-4.914457454988147
Telok Blangah Drive,Others,2.375,3.250336387518421,-0.8753363875184208
Teck Whye,Chinese,64.42307692307693,74.30281284039214,-9.879735917315202
Teck Whye,Malays,23.483727810650887,13.351957454988147,10.13177035566274
Teck Whye,Indians,10.170118343195266,9.0948933171013,1.0752250260939658
Teck Whye,Others,1.9230769230769231,3.250336387518421,-1.3272594644414977
Teban Gardens,Chinese,61.86485070717653,74.30281284039214,-12.437962133215606
Teban Gardens,Malays,25.144054478784707,13.351957454988147,11.79209702379656
Teban Gardens,Indians,11.157674174960713,9.0948933171013,2.062780857859412
Teban Gardens,Others,1.8334206390780514,3.250336387518421,-1.4169157484403694
Tanjong Rhu,Chinese,61.273209549071616,74.30281284039214,-13.02960329132052
Tanjong Rhu,Indians,27.23253757736516,9.0948933171013,18.137644260263862
Tanjong Rhu,Others,7.161803713527852,3.250336387518421,3.911467326009431
Tanjong Rhu,Malays,4.332449160035367,13.351957454988147,-9.01950829495278
Tanjong Pagar,Chinese,61.53846153846154,74.30281284039214,-12.764351301930596
Tanjong Pagar,Others,25.0,3.250336387518421,21.74966361248158
Tanjong Pagar,Indians,13.461538461538462,9.0948933171013,4.366645144437161
Tanglin Halt,Chinese,73.97572078907434,74.30281284039214,-0.3270920513177913
Tanglin Halt,Malays,13.429438543247343,13.351957454988147,0.07748108825919608
Tanglin Halt,Indians,9.256449165402124,9.0948933171013,0.16155584830082326
Tanglin Halt,Others,3.338391502276176,3.250336387518421,0.08805511475775507
Tanglin,Chinese,61.53846153846154,74.30281284039214,-12.764351301930596
Tanglin,Others,28.205128205128204,3.250336387518421,24.954791817609784
Tanglin,Indians,10.256410256410255,9.0948933171013,1.1615169393089548
Tampines West,Chinese,68.621175265651,74.30281284039214,-5.681637574741131
Tampines West,Malays,21.49532710280374,13.351957454988147,8.143369647815591
Tampines West,Indians,7.425425681730892,9.0948933171013,-1.6694676353704088
Tampines West,Others,2.4580719498143644,3.250336387518421,-0.7922644377040564
Tampines East,Chinese,64.48841071557513,74.30281284039214,-9.814402124817008
Tampines East,Malays,24.564950537944977,13.351957454988147,11.21299308295683
Tampines East,Indians,7.798396996173008,9.0948933171013,-1.2964963209282923
Tampines East,Others,3.1482417503068816,3.250336387518421,-0.10209463721153922
Taman Jurong,Chinese,70.00541418516514,74.30281284039214,-4.297398655226999
Taman Jurong,Malays,17.108825121819166,13.351957454988147,3.7568676668310186
Taman Jurong,Indians,10.44937736870601,9.0948933171013,1.3544840516047092
Taman Jurong,Others,2.4363833243096917,3.250336387518421,-0.8139530632087291
Tai Seng,Chinese,81.4411964649898,74.30281284039214,7.138383624597665
Tai Seng,Malays,8.565601631543169,13.351957454988147,-4.786355823444978
Tai Seng,Indians,8.089734874235214,9.0948933171013,-1.0051584428660867
Tai Seng,Others,1.9034670292318152,3.250336387518421,-1.3468693582866056
Tagore,Chinese,89.20863309352518,74.30281284039214,14.905820253133044
Tagore,Indians,6.71462829736211,9.0948933171013,-2.3802650197391904
Tagore,Others,3.237410071942446,3.250336387518421,-0.0129263155759749
Tagore,Malays,0.8393285371702638,13.351957454988147,-12.512628917817883
Swiss Club,Chinese,83.78378378378379,74.30281284039214,9.480970943391654
Swiss Club,Others,9.54954954954955,3.250336387518421,6.299213162031129
Swiss Club,Indians,5.405405405405405,9.0948933171013,-3.6894879116958954
Swiss Club,Malays,1.2612612612612613,13.351957454988147,-12.090696193726886
Sunset Way,Chinese,82.98887122416534,74.30281284039214,8.6860583837732
Sunset Way,Others,7.3131955484896665,3.250336387518421,4.062859160971246
Sunset Way,Indians,6.200317965023848,9.0948933171013,-2.894575352077453
Sunset Way,Malays,3.4976152623211445,13.351957454988147,-9.854342192667003
Sungei Road,Chinese,66.52892561983471,74.30281284039214,-7.773887220557427
Sungei Road,Malays,17.355371900826448,13.351957454988147,4.003414445838301
Sungei Road,Indians,14.46280991735537,9.0948933171013,5.36791660025407
Sungei Road,Others,1.6528925619834711,3.250336387518421,-1.5974438255349497
Springleaf,Chinese,91.75257731958763,74.30281284039214,17.449764479195494
Springleaf,Indians,4.896907216494846,9.0948933171013,-4.197986100606455
Springleaf,Others,2.5773195876288657,3.250336387518421,-0.6730167998895551
Springleaf,Malays,0.7731958762886598,13.351957454988147,-12.578761578699487
Somerset,Chinese,69.23076923076923,74.30281284039214,-5.072043609622909
Somerset,Others,23.076923076923077,3.250336387518421,19.826586689404657
Somerset,Indians,7.6923076923076925,9.0948933171013,-1.4025856247936082
Singapore Polytechnic,Chinese,75.0,74.30281284039214,0.6971871596078643
Singapore Polytechnic,Indians,18.75,9.0948933171013,9.6551066828987
Singapore Polytechnic,Others,6.25,3.250336387518421,2.999663612481579
Simei,Chinese,72.46546476235073,74.30281284039214,-1.8373480780414013
Simei,Malays,12.011238585811286,13.351957454988147,-1.340718869176861
Simei,Indians,11.261999531725591,9.0948933171013,2.1671062146242903
Simei,Others,4.261297120112386,3.250336387518421,1.010960732593965
Siglap,Chinese,71.75792507204612,74.30281284039214,-2.5448877683460154
Siglap,Indians,20.461095100864554,9.0948933171013,11.366201783763254
Siglap,Others,6.195965417867435,3.250336387518421,2.9456290303490142
Siglap,Malays,1.585014409221902,13.351957454988147,-11.766943045766245
Shangri-La,Chinese,75.0945434900054,74.30281284039214,0.791730649613271
Shangri-La,Malays,13.019989195029712,13.351957454988147,-0.33196825995843504
Shangri-La,Indians,9.670448406266882,9.0948933171013,0.5755550891655812
Shangri-La,Others,2.215018908698001,3.250336387518421,-1.0353174788204198
Serangoon North,Chinese,79.0045766590389,74.30281284039214,4.701763818646768
Serangoon North,Indians,11.327231121281464,9.0948933171013,2.2323378041801636
Serangoon North,Malays,7.494279176201372,13.351957454988147,-5.857678278786775
Serangoon North,Others,2.1739130434782608,3.250336387518421,-1.07642334404016
Serangoon Garden,Chinese,83.02705461970393,74.30281284039214,8.724241779311797
Serangoon Garden,Indians,8.88208269525268,9.0948933171013,-0.21281062184861987
Serangoon Garden,Malays,5.053598774885145,13.351957454988147,-8.298358680103002
Serangoon Garden,Others,3.037263910158244,3.250336387518421,-0.21307247736017665
Serangoon Central,Chinese,83.49697885196375,74.30281284039214,9.19416601157161
Serangoon Central,Indians,9.818731117824774,9.0948933171013,0.7238378007234729
Serangoon Central,Malays,4.45619335347432,13.351957454988147,-8.895764101513826
Serangoon Central,Others,2.22809667673716,3.250336387518421,-1.0222397107812609
Sentosa,Chinese,54.729729729729726,74.30281284039214,-19.57308311066241
Sentosa,Others,33.78378378378378,3.250336387518421,30.533447396265363
Sentosa,Indians,10.135135135135135,9.0948933171013,1.0402418180338344
Sentosa,Malays,1.3513513513513513,13.351957454988147,-12.000606103636796
Sennett,Chinese,90.30837004405286,74.30281284039214,16.00555720366073
Sennett,Indians,6.167400881057269,9.0948933171013,-2.927492436044032
Sennett,Others,1.9823788546255507,3.250336387518421,-1.26795753289287
Sennett,Malays,1.5418502202643172,13.351957454988147,-11.81010723472383
Senja,Chinese,73.30361565131253,74.30281284039214,-0.9991971890796094
Senja,Malays,16.988608221892026,13.351957454988147,3.6366507669038786
Senja,Indians,7.578008915304606,9.0948933171013,-1.5168844017966947
Senja,Others,2.129767211490837,3.250336387518421,-1.1205691760275838
Sengkang Town Centre,Chinese,78.22270981897971,74.30281284039214,3.9198969785875732
Sengkang Town Centre,Malays,9.526421649296033,13.351957454988147,-3.8255358056921143
Sengkang Town Centre,Indians,9.489851892484914,9.0948933171013,0.39495857538361356
Sengkang Town Centre,Others,2.761016639239349,3.250336387518421,-0.48931974827907165
Sembawang Straits,Chinese,74.70588235294117,74.30281284039214,0.4030695125490382
Sembawang Straits,Indians,14.117647058823529,9.0948933171013,5.022753741722228
Sembawang Straits,Malays,5.88235294117647,13.351957454988147,-7.469604513811677
Sembawang Straits,Others,5.294117647058823,3.250336387518421,2.0437812595404026
Sembawang Springs,Chinese,82.94392523364486,74.30281284039214,8.641112393252726
Sembawang Springs,Indians,10.74766355140187,9.0948933171013,1.6527702343005686
Sembawang Springs,Malays,3.5046728971962615,13.351957454988147,-9.847284557791886
Sembawang Springs,Others,2.803738317757009,3.250336387518421,-0.4465980697614116
Sembawang North,Chinese,71.24767225325884,74.30281284039214,-3.0551405871332946
Sembawang North,Malays,15.046554934823092,13.351957454988147,1.694597479834945
Sembawang North,Indians,9.124767225325884,9.0948933171013,0.0298739082245838
Sembawang North,Others,4.581005586592179,3.250336387518421,1.3306691990737578
Sembawang Hills,Chinese,88.1159420289855,74.30281284039214,13.813129188593365
Sembawang Hills,Indians,7.246376811594203,9.0948933171013,-1.8485165055070976
Sembawang Hills,Others,3.1884057971014492,3.250336387518421,-0.061930590416971576
Sembawang Hills,Malays,1.4492753623188406,13.351957454988147,-11.902682092669307
Sembawang Central,Chinese,73.37907375643225,74.30281284039214,-0.9237390839598874
Sembawang Central,Malays,12.761578044596913,13.351957454988147,-0.5903794103912343
Sembawang Central,Indians,9.228130360205832,9.0948933171013,0.13323704310453088
Sembawang Central,Others,4.631217838765009,3.250336387518421,1.3808814512465881
Seletar Hills,Chinese,88.65979381443299,74.30281284039214,14.356980974040852
Seletar Hills,Indians,6.848306332842416,9.0948933171013,-2.246586984258885
Seletar Hills,Others,3.3873343151693667,3.250336387518421,0.13699792765094587
Seletar Hills,Malays,1.1045655375552283,13.351957454988147,-12.24739191743292
Seletar,Chinese,64.0,74.30281284039214,-10.302812840392136
Seletar,Others,24.0,3.250336387518421,20.74966361248158
Seletar,Indians,12.0,9.0948933171013,2.9051066828986993
Selegie,Chinese,64.28571428571429,74.30281284039214,-10.017098554677844
Selegie,Indians,25.0,9.0948933171013,15.9051066828987
Selegie,Others,10.714285714285714,3.250336387518421,7.463949326767293
Saujana,Chinese,71.60203681942812,74.30281284039214,-2.700776020964014
Saujana,Malays,17.82216999608304,13.351957454988147,4.470212541094893
Saujana,Indians,8.617312965139053,9.0948933171013,-0.47758035196224746
Saujana,Others,1.9584802193497846,3.250336387518421,-1.2918561681686362
Robertson Quay,Chinese,70.12448132780082,74.30281284039214,-4.178331512591313
Robertson Quay,Others,21.991701244813278,3.250336387518421,18.741364857294858
Robertson Quay,Indians,7.468879668049793,9.0948933171013,-1.626013649051508
Robertson Quay,Malays,0.4149377593360996,13.351957454988147,-12.937019695652047
Rivervale,Chinese,75.95655806182123,74.30281284039214,1.6537452214290909
Rivervale,Malays,11.39515455304929,13.351957454988147,-1.9568029019388575
Rivervale,Indians,10.12531328320802,9.0948933171013,1.0304199661067202
Rivervale,Others,2.5229741019214704,3.250336387518421,-0.7273622855969504
Ridout,Chinese,74.28571428571429,74.30281284039214,-0.017098554677843936
Ridout,Others,15.714285714285714,3.250336387518421,12.463949326767292
Ridout,Indians,10.0,9.0948933171013,0.9051066828986993
Redhill,Chinese,80.76923076923077,74.30281284039214,6.466417928838638
Redhill,Indians,8.265139116202946,9.0948933171013,-0.8297542008983552
Redhill,Malays,8.265139116202946,13.351957454988147,-5.086818338785202
Redhill,Others,2.7004909983633385,3.250336387518421,-0.5498453891550823
Queensway,Chinese,71.42857142857143,74.30281284039214,-2.874241411820705
Queensway,Others,14.285714285714285,3.250336387518421,11.035377898195865
Queensway,Indians,10.714285714285714,9.0948933171013,1.6193923971844129
Queensway,Malays,3.571428571428571,13.351957454988147,-9.780528883559576
Punggol Town Centre,Chinese,81.48648648648648,74.30281284039214,7.183673646094348
Punggol Town Centre,Malays,11.621621621621623,13.351957454988147,-1.7303358333665244
Punggol Town Centre,Indians,4.72972972972973,9.0948933171013,-4.365163587371571
Punggol Town Centre,Others,2.1621621621621623,3.250336387518421,-1.0881742253562585
Punggol Field,Chinese,78.47575057736721,74.30281284039214,4.172937736975072
Punggol Field,Malays,10.785219399538107,13.351957454988147,-2.56673805545004
Punggol Field,Indians,7.852193995381063,9.0948933171013,-1.242699321720238
Punggol Field,Others,2.886836027713626,3.250336387518421,-0.363500359804795
Potong Pasir,Chinese,81.5955766192733,74.30281284039214,7.292763778881167
Potong Pasir,Indians,11.137440758293838,9.0948933171013,2.0425474411925375
Potong Pasir,Malays,5.371248025276461,13.351957454988147,-7.980709429711686
Potong Pasir,Others,1.8957345971563981,3.250336387518421,-1.3546017903620227
Port,Chinese,85.71428571428571,74.30281284039214,11.411472873893572
Port,Indians,7.142857142857142,9.0948933171013,-1.9520361742441583
Port,Others,7.142857142857142,3.250336387518421,3.8925207553387215
People's Park,Chinese,94.73684210526315,74.30281284039214,20.434029264871015
People's Park,Indians,2.631578947368421,9.0948933171013,-6.463314369732879
People's Park,Others,2.631578947368421,3.250336387518421,-0.61875744015
Peng Siang,Chinese,68.00497976968565,74.30281284039214,-6.2978330707064885
Peng Siang,Malays,18.674136321195146,13.351957454988147,5.322178866206999
Peng Siang,Indians,10.613134142545908,9.0948933171013,1.5182408254446074
Peng Siang,Others,2.707749766573296,3.250336387518421,-0.5425866209451247
Pei Chun,Chinese,82.34295415959252,74.30281284039214,8.040141319200387
Pei Chun,Malays,8.573853989813243,13.351957454988147,-4.778103465174905
Pei Chun,Indians,6.196943972835315,9.0948933171013,-2.897949344265986
Pei Chun,Others,2.886247877758913,3.250336387518421,-0.3640885097595077
Pearl's Hill,Chinese,73.63304981773997,74.30281284039214,-0.6697630226521625
Pearl's Hill,Malays,15.91737545565006,13.351957454988147,2.5654180006619125
Pearl's Hill,Indians,8.262454434993925,9.0948933171013,-0.8324388821073754
Pearl's Hill,Others,2.187120291616039,3.250336387518421,-1.0632160959023818
Paterson,Chinese,75.0,74.30281284039214,0.6971871596078643
Paterson,Others,18.75,3.250336387518421,15.49966361248158
Paterson,Indians,6.25,9.0948933171013,-2.8448933171013007
Pasir Ris West,Chinese,67.96036333608588,74.30281284039214,-6.342449504306259
Pasir Ris West,Malays,19.51555188549408,13.351957454988147,6.163594430505933
Pasir Ris West,Indians,8.75309661436829,9.0948933171013,-0.34179670273301
Pasir Ris West,Others,3.770988164051748,3.250336387518421,0.5206517765333274
Pasir Ris Park,Chinese,75.16778523489933,74.30281284039214,0.8649723945071912
Pasir Ris Park,Malays,11.073825503355705,13.351957454988147,-2.2781319516324423
Pasir Ris Park,Indians,7.38255033557047,9.0948933171013,-1.7123429815308304
Pasir Ris Park,Others,6.375838926174497,3.250336387518421,3.125502538656076
Pasir Ris Drive,Chinese,60.72629455279085,74.30281284039214,-13.576518287601289
Pasir Ris Drive,Malays,26.933422999327504,13.351957454988147,13.581465544339357
Pasir Ris Drive,Indians,8.406186953597848,9.0948933171013,-0.6887063635034529
Pasir Ris Drive,Others,3.934095494283793,3.250336387518421,0.6837591067653723
Pasir Ris Central,Chinese,73.45511076564321,74.30281284039214,-0.8477020747489235
Pasir Ris Central,Malays,14.729887291099883,13.351957454988147,1.3779298361117363
Pasir Ris Central,Indians,8.083948698017878,9.0948933171013,-1.010944619083423
Pasir Ris Central,Others,3.731053245239021,3.250336387518421,0.4807168577206
Pasir Panjang 2,Chinese,80.34188034188034,74.30281284039214,6.039067501488205
Pasir Panjang 2,Others,10.541310541310542,3.250336387518421,7.2909741537921215
Pasir Panjang 2,Indians,6.837606837606838,9.0948933171013,-2.2572864794944625
Pasir Panjang 2,Malays,2.2792022792022792,13.351957454988147,-11.072755175785868
Pasir Panjang 1,Chinese,85.03740648379052,74.30281284039214,10.734593643398384
Pasir Panjang 1,Others,7.98004987531172,3.250336387518421,4.729713487793299
Pasir Panjang 1,Indians,5.985037406483791,9.0948933171013,-3.10985591061751
Pasir Panjang 1,Malays,0.997506234413965,13.351957454988147,-12.354451220574182
Oxley,Chinese,79.71014492753623,74.30281284039214,5.407332087144098
Oxley,Others,13.768115942028986,3.250336387518421,10.517779554510565
Oxley,Indians,5.072463768115942,9.0948933171013,-4.022429548985358
Oxley,Malays,1.4492753623188406,13.351957454988147,-11.902682092669307
Orange Grove,Chinese,65.97222222222221,74.30281284039214,-8.330590618169921
Orange Grove,Others,23.61111111111111,3.250336387518421,20.36077472359269
Orange Grove,Indians,9.027777777777777,9.0948933171013,-0.06711553932352388
Orange Grove,Malays,1.3888888888888888,13.351957454988147,-11.963068566099258
One Tree Hill,Chinese,69.1891891891892,74.30281284039214,-5.113623651202943
One Tree Hill,Others,18.37837837837838,3.250336387518421,15.128041990859959
One Tree Hill,Indians,11.351351351351353,9.0948933171013,2.256458034250052
One Tree Hill,Malays,1.0810810810810811,13.351957454988147,-12.270876373907067
One North,Chinese,66.12903225806451,74.30281284039214,-8.173780582327623
One North,Others,27.419354838709676,3.250336387518421,24.169018451191256
One North,Indians,6.451612903225806,9.0948933171013,-2.6432804138754946
Northshore,Chinese,82.75862068965517,74.30281284039214,8.455807849263039
Northshore,Indians,10.344827586206897,9.0948933171013,1.2499342691055961
Northshore,Others,6.896551724137931,3.250336387518421,3.64621533661951
Northland,Chinese,66.04146100691017,74.30281284039214,-8.261351833481967
Northland,Malays,19.842053307008882,13.351957454988147,6.490095852020735
Northland,Indians,10.496873971701218,9.0948933171013,1.4019806545999174
Northland,Others,3.61961171437973,3.250336387518421,0.36927532686130915
North Coast,Chinese,55.71526351813826,74.30281284039214,-18.587549322253878
North Coast,Malays,29.021218343600275,13.351957454988147,15.669260888612127
North Coast,Indians,13.347022587268995,9.0948933171013,4.2521292701676945
North Coast,Others,1.9164955509924708,3.250336387518421,-1.33384083652595
Newton Circus,Chinese,56.52173913043478,74.30281284039214,-17.781073709957354
Newton Circus,Others,30.434782608695656,3.250336387518421,27.184446221177236
Newton Circus,Indians,13.043478260869565,9.0948933171013,3.948584943768264
Nee Soon,Chinese,87.77777777777777,74.30281284039214,13.474964937385636
Nee Soon,Indians,5.555555555555555,9.0948933171013,-3.5393377615457453
Nee Soon,Malays,3.3333333333333335,13.351957454988147,-10.018624121654813
Nee Soon,Others,3.3333333333333335,3.250336387518421,0.08299694581491268
Nature Reserve,Chinese,82.42894056847545,74.30281284039214,8.126127728083318
Nature Reserve,Others,8.527131782945736,3.250336387518421,5.276795395427315
Nature Reserve,Indians,6.976744186046512,9.0948933171013,-2.118149131054789
Nature Reserve,Malays,2.0671834625323,13.351957454988147,-11.284773992455847
National University of S'pore,Chinese,88.88888888888889,74.30281284039214,14.58607604849675
National University of S'pore,Others,5.555555555555555,3.250336387518421,2.3052191680371346
National University of S'pore,Indians,2.7777777777777777,9.0948933171013,-6.317115539323523
National University of S'pore,Malays,2.7777777777777777,13.351957454988147,-10.57417967721037
Nassim,Chinese,78.29736211031175,74.30281284039214,3.9945492699196166
Nassim,Others,12.949640287769784,3.250336387518421,9.699303900251362
Nassim,Indians,7.673860911270983,9.0948933171013,-1.421032405830318
Nassim,Malays,1.079136690647482,13.351957454988147,-12.272820764340665
Mountbatten,Chinese,69.44172380019589,74.30281284039214,-4.861089040196248
Mountbatten,Indians,23.702252693437806,9.0948933171013,14.607359376336506
Mountbatten,Others,6.072477962781587,3.250336387518421,2.8221415752631662
Mountbatten,Malays,0.7835455435847208,13.351957454988147,-12.568411911403427
Mount Pleasant,Chinese,76.92307692307693,74.30281284039214,2.6202640826847983
Mount Pleasant,Others,13.846153846153847,3.250336387518421,10.595817458635427
Mount Pleasant,Indians,7.6923076923076925,9.0948933171013,-1.4025856247936082
Mount Pleasant,Malays,1.5384615384615385,13.351957454988147,-11.813495916526609
Mount Emily,Chinese,74.77477477477478,74.30281284039214,0.471961934382648
Mount Emily,Others,17.117117117117118,3.250336387518421,13.866780729598698
Mount Emily,Indians,6.306306306306306,9.0948933171013,-2.788587010794995
Mount Emily,Malays,1.8018018018018018,13.351957454988147,-11.550155653186346
Moulmein,Chinese,83.01886792452831,74.30281284039214,8.716055084136173
Moulmein,Others,9.080188679245282,3.250336387518421,5.829852291726861
Moulmein,Indians,6.9575471698113205,9.0948933171013,-2.13734614728998
Moulmein,Malays,0.9433962264150944,13.351957454988147,-12.408561228573053
Monk's Hill,Chinese,71.71717171717171,74.30281284039214,-2.5856411232204266
Monk's Hill,Others,15.151515151515152,3.250336387518421,11.901178763996732
Monk's Hill,Indians,12.121212121212121,9.0948933171013,3.0263188041108204
Monk's Hill,Malays,1.0101010101010102,13.351957454988147,-12.341856444887137
Midview,Chinese,59.487612612612615,74.30281284039214,-14.81520022777952
Midview,Malays,27.25225225225225,13.351957454988147,13.900294797264104
Midview,Indians,11.036036036036036,9.0948933171013,1.941142718934735
Midview,Others,2.224099099099099,3.250336387518421,-1.0262372884193218
Mei Chin,Chinese,77.86396181384248,74.30281284039214,3.5611489734503436
Mei Chin,Indians,10.381861575178998,9.0948933171013,1.2869682580776978
Mei Chin,Malays,9.069212410501192,13.351957454988147,-4.282745044486955
Mei Chin,Others,2.6849642004773266,3.250336387518421,-0.5653721870410942
Matilda,Chinese,76.53631284916202,74.30281284039214,2.23350000876988
Matilda,Malays,14.623726585606308,13.351957454988147,1.2717691306181607
Matilda,Indians,6.539599079855406,9.0948933171013,-2.555294237245895
Matilda,Others,2.300361485376273,3.250336387518421,-0.9499749021421477
Marymount,Chinese,85.89093214965123,74.30281284039214,11.588119309259099
Marymount,Indians,7.2923272035510465,9.0948933171013,-1.8025661135502542
Marymount,Malays,4.0266328471781865,13.351957454988147,-9.32532460780996
Marymount,Others,2.7901077996195305,3.250336387518421,-0.4602285878988903
Maritime Square,Chinese,70.3125,74.30281284039214,-3.9903128403921357
Maritime Square,Others,17.96875,3.250336387518421,14.71841361248158
Maritime Square,Indians,10.15625,9.0948933171013,1.0613566828986993
Maritime Square,Malays,1.5625,13.351957454988147,-11.789457454988147
Marine Parade,Chinese,73.54771784232366,74.30281284039214,-0.755094998068472
Marine Parade,Malays,11.479944674965422,13.351957454988147,-1.8720127800227253
Marine Parade,Indians,9.95850622406639,9.0948933171013,0.8636129069650895
Marine Parade,Others,5.013831258644537,3.250336387518421,1.7634948711261158
Margaret Drive,Chinese,85.64638783269962,74.30281284039214,11.343574992307481
Margaret Drive,Indians,8.079847908745247,9.0948933171013,-1.0150454083560536
Margaret Drive,Malays,3.1368821292775664,13.351957454988147,-10.21507532571058
Margaret Drive,Others,3.1368821292775664,3.250336387518421,-0.11345425824085442
Mandai Estate,Chinese,80.28169014084507,74.30281284039214,5.978877300452936
Mandai Estate,Indians,11.267605633802818,9.0948933171013,2.172712316701517
Mandai Estate,Malays,5.164319248826291,13.351957454988147,-8.187638206161857
Mandai Estate,Others,3.286384976525822,3.250336387518421,0.036048589007401155
Malcolm,Chinese,80.98859315589354,74.30281284039214,6.685780315501404
Malcolm,Others,12.927756653992395,3.250336387518421,9.677420266473973
Malcolm,Indians,5.323193916349809,9.0948933171013,-3.7716994007514915
Malcolm,Malays,0.7604562737642585,13.351957454988147,-12.591501181223888
Macpherson,Chinese,72.54628012574223,74.30281284039214,-1.7565327146499072
Macpherson,Malays,14.844568634299685,13.351957454988147,1.4926111793115382
Macpherson,Indians,10.338805448829898,9.0948933171013,1.2439121317285977
Macpherson,Others,2.2703457911281872,3.250336387518421,-0.9799905963902336
Mackenzie,Chinese,72.72727272727273,74.30281284039214,-1.575540113119402
Mackenzie,Indians,18.181818181818183,9.0948933171013,9.086924864716883
Mackenzie,Others,9.090909090909092,3.250336387518421,5.840572703390671
Loyang West,Chinese,75.0,74.30281284039214,0.6971871596078643
Loyang West,Malays,15.0,13.351957454988147,1.6480425450118528
Loyang West,Indians,5.0,9.0948933171013,-4.094893317101301
Loyang West,Others,5.0,3.250336387518421,1.7496636124815792
Loyang East,Chinese,74.88584474885845,74.30281284039214,0.5830319084663103
Loyang East,Indians,11.87214611872146,9.0948933171013,2.7772528016201594
Loyang East,Others,9.1324200913242,3.250336387518421,5.882083703805779
Loyang East,Malays,4.10958904109589,13.351957454988147,-9.242368413892258
Lower Seletar,Chinese,77.35191637630662,74.30281284039214,3.049103535914483
Lower Seletar,Malays,11.846689895470384,13.351957454988147,-1.5052675595177636
Lower Seletar,Indians,8.013937282229964,9.0948933171013,-1.0809560348713365
Lower Seletar,Others,2.7874564459930316,3.250336387518421,-0.46287994152538925
Lorong Chuan,Chinese,90.2264600715137,74.30281284039214,15.923647231121564
Lorong Chuan,Indians,5.005959475566151,9.0948933171013,-4.08893384153515
Lorong Chuan,Others,4.171632896305125,3.250336387518421,0.9212965087867042
Lorong Chuan,Malays,0.5959475566150179,13.351957454988147,-12.75600989837313
Lorong Ah Soo,Chinese,82.97747879496929,74.30281284039214,8.67466595457715
Lorong Ah Soo,Malays,7.604562737642586,13.351957454988147,-5.7473947173455615
Lorong Ah Soo,Indians,7.5753144194208835,9.0948933171013,-1.5195788976804172
Lorong Ah Soo,Others,1.842644047967242,3.250336387518421,-1.407692339551179
Lorong 8 Toa Payoh,Chinese,81.8734793187348,74.30281284039214,7.570666478342659
Lorong 8 Toa Payoh,Malays,9.245742092457421,13.351957454988147,-4.106215362530726
Lorong 8 Toa Payoh,Indians,6.569343065693431,9.0948933171013,-2.5255502514078696
Lorong 8 Toa Payoh,Others,2.3114355231143553,3.250336387518421,-0.9389008644040655
Little India,Chinese,72.98701298701299,74.30281284039214,-1.315799853379147
Little India,Indians,25.19480519480519,9.0948933171013,16.09991187770389
Little India,Others,1.0389610389610389,3.250336387518421,-2.211375348557382
Little India,Malays,0.7792207792207793,13.351957454988147,-12.572736675767368
Leonie Hill,Chinese,61.63265306122449,74.30281284039214,-12.670159779167648
Leonie Hill,Indians,20.408163265306122,9.0948933171013,11.313269948204821
Leonie Hill,Others,16.73469387755102,3.250336387518421,13.4843574900326
Leonie Hill,Malays,1.2244897959183674,13.351957454988147,-12.12746765906978
Leedon Park,Chinese,77.35247208931419,74.30281284039214,3.0496592489220546
Leedon Park,Others,14.992025518341306,3.250336387518421,11.741689130822884
Leedon Park,Indians,6.379585326953747,9.0948933171013,-2.7153079901475534
Leedon Park,Malays,1.2759170653907497,13.351957454988147,-12.076040389597397
Lavender,Chinese,70.08712487899322,74.30281284039214,-4.215687961398913
Lavender,Indians,17.231364956437563,9.0948933171013,8.136471639336262
Lavender,Malays,9.293320425943854,13.351957454988147,-4.058637029044293
Lavender,Others,3.3881897386253628,3.250336387518421,0.13785335110694197
Lakeside,Chinese,86.0,74.30281284039214,11.697187159607864
Lakeside,Indians,8.0,9.0948933171013,-1.0948933171013007
Lakeside,Others,4.0,3.250336387518421,0.7496636124815792
Lakeside,Malays,2.0,13.351957454988147,-11.351957454988147
Kovan,Chinese,89.50858034321372,74.30281284039214,15.205767502821587
Kovan,Indians,5.811232449297972,9.0948933171013,-3.283660867803329
Kovan,Others,2.3790951638065523,3.250336387518421,-0.8712412237118685
Kovan,Malays,2.3010920436817472,13.351957454988147,-11.0508654113064
Kim Keat,Chinese,81.8815331010453,74.30281284039214,7.578720260653171
Kim Keat,Indians,9.40766550522648,9.0948933171013,0.31277218812518015
Kim Keat,Malays,6.155632984901278,13.351957454988147,-7.19632447008687
Kim Keat,Others,2.5551684088269457,3.250336387518421,-0.6951679786914751
Khatib,Chinese,74.65437788018433,74.30281284039214,0.35156503979219167
Khatib,Malays,12.811059907834101,13.351957454988147,-0.5408975471540458
Khatib,Indians,9.67741935483871,9.0948933171013,0.5825260377374093
Khatib,Others,2.857142857142857,3.250336387518421,-0.3931935303755636
Kent Ridge,Chinese,62.03703703703704,74.30281284039214,-12.265775803355098
Kent Ridge,Indians,18.51851851851852,9.0948933171013,9.423625201417218
Kent Ridge,Others,17.59259259259259,3.250336387518421,14.342256205074172
Kent Ridge,Malays,1.8518518518518516,13.351957454988147,-11.500105603136296
Kembangan,Chinese,70.68158168574402,74.30281284039214,-3.6212311546481146
Kembangan,Malays,16.18106139438085,13.351957454988147,2.829103939392704
Kembangan,Indians,9.49531737773153,9.0948933171013,0.40042406063022895
Kembangan,Others,3.6420395421436007,3.250336387518421,0.3917031546251799
Kebun Bahru,Chinese,80.34295273943957,74.30281284039214,6.040139899047432
Kebun Bahru,Malays,9.201171058134673,13.351957454988147,-4.150786396853475
Kebun Bahru,Indians,7.988289418653283,9.0948933171013,-1.106603898448018
Kebun Bahru,Others,2.46758678377248,3.250336387518421,-0.7827496037459407
Keat Hong,Chinese,70.81736909323116,74.30281284039214,-3.4854437471609714
Keat Hong,Malays,15.772669220945081,13.351957454988147,2.420711765956934
Keat Hong,Indians,11.047254150702427,9.0948933171013,1.9523608336011264
Keat Hong,Others,2.362707535121328,3.250336387518421,-0.8876288523970928
Katong,Chinese,85.96673596673597,74.30281284039214,11.663923126343832
Katong,Indians,7.484407484407485,9.0948933171013,-1.6104858326938158
Katong,Others,5.50935550935551,3.250336387518421,2.259019121837089
Katong,Malays,1.0395010395010396,13.351957454988147,-12.312456415487107
Kangkar,Chinese,82.75862068965517,74.30281284039214,8.455807849263039
Kangkar,Indians,8.045977011494253,9.0948933171013,-1.0489163056070474
Kangkar,Malays,7.011494252873564,13.351957454988147,-6.3404632021145835
Kangkar,Others,2.1839080459770113,3.250336387518421,-1.0664283415414095
Kampong Ubi,Chinese,66.61619984859955,74.30281284039214,-7.686612991792586
Kampong Ubi,Malays,21.650264950794853,13.351957454988147,8.298307495806705
Kampong Ubi,Indians,8.932626797880394,9.0948933171013,-0.16226651922090696
Kampong Ubi,Others,2.8009084027252085,3.250336387518421,-0.44942798479321233
Kampong Tiong Bahru,Chinese,76.981852913085,74.30281284039214,2.679040072692871
Kampong Tiong Bahru,Indians,10.983763132760267,9.0948933171013,1.8888698156589658
Kampong Tiong Bahru,Malays,10.028653295128938,13.351957454988147,-3.323304159859209
Kampong Tiong Bahru,Others,2.005730659025788,3.250336387518421,-1.2446057284926328
Kampong Java,Chinese,77.88632326820604,74.30281284039214,3.5835104278139056
Kampong Java,Indians,14.92007104795737,9.0948933171013,5.825177730856069
Kampong Java,Others,3.818827708703375,3.250336387518421,0.568491321184954
Kampong Java,Malays,3.374777975133215,13.351957454988147,-9.977179479854932
Kampong Glam,Indians,38.88888888888889,9.0948933171013,29.79399557178759
Kampong Glam,Chinese,33.33333333333333,74.30281284039214,-40.96947950705881
Kampong Glam,Malays,16.666666666666664,13.351957454988147,3.314709211678517
Kampong Glam,Others,11.11111111111111,3.250336387518421,7.86077472359269
Kampong Bugis,Chinese,81.11111111111111,74.30281284039214,6.8082982707189785
Kampong Bugis,Indians,10.0,9.0948933171013,0.9051066828986993
Kampong Bugis,Malays,4.444444444444445,13.351957454988147,-8.907513010543703
Kampong Bugis,Others,4.444444444444445,3.250336387518421,1.1941080569260238
Kaki Bukit,Chinese,64.13522782949535,74.30281284039214,-10.167585010896786
Kaki Bukit,Malays,23.860852523272904,13.351957454988147,10.508895068284756
Kaki Bukit,Indians,9.26016658500735,9.0948933171013,0.16527326790604846
Kaki Bukit,Others,2.7437530622243997,3.250336387518421,-0.5065833252940211
Jurong West Central,Chinese,75.9824046920821,74.30281284039214,1.6795918516899633
Jurong West Central,Malays,12.507331378299119,13.351957454988147,-0.8446260766890283
Jurong West Central,Indians,8.196480938416423,9.0948933171013,-0.8984123786848777
Jurong West Central,Others,3.3137829912023458,3.250336387518421,0.06344660368392496
Joo Seng,Chinese,86.01190476190477,74.30281284039214,11.709091921512638
Joo Seng,Indians,8.18452380952381,9.0948933171013,-0.9103695075774905
Joo Seng,Malays,3.571428571428571,13.351957454988147,-9.780528883559576
Joo Seng,Others,2.232142857142857,3.250336387518421,-1.0181935303755636
Jelebu,Chinese,77.38273080370482,74.30281284039214,3.079917963312681
Jelebu,Malays,13.385121003884077,13.351957454988147,0.03316354889592965
Jelebu,Indians,7.080968031072603,9.0948933171013,-2.013925286028698
Jelebu,Others,2.151180161338512,3.250336387518421,-1.0991562261799088
Institution Hill,Chinese,72.18934911242604,74.30281284039214,-2.113463727966092
Institution Hill,Indians,14.201183431952662,9.0948933171013,5.106290114851362
Institution Hill,Others,12.721893491124261,3.250336387518421,9.47155710360584
Institution Hill,Malays,0.8875739644970414,13.351957454988147,-12.464383490491105
Hougang West,Chinese,80.34716679968076,74.30281284039214,6.044353959288628
Hougang West,Malays,9.55706304868316,13.351957454988147,-3.794894406304987
Hougang West,Indians,8.220271348762969,9.0948933171013,-0.8746219683383316
Hougang West,Others,1.8754988028731046,3.250336387518421,-1.3748375846453162
Hougang East,Chinese,81.66894664842681,74.30281284039214,7.366133808034675
Hougang East,Malays,8.4359325125399,13.351957454988147,-4.916024942448248
Hougang East,Indians,8.116735066119471,9.0948933171013,-0.9781582509818296
Hougang East,Others,1.7783857729138166,3.250336387518421,-1.4719506146046042
Hougang Central,Chinese,86.5424430641822,74.30281284039214,12.239630223790058
Hougang Central,Indians,6.832298136645963,9.0948933171013,-2.262595180455338
Hougang Central,Malays,5.175983436853002,13.351957454988147,-8.175974018135145
Hougang Central,Others,1.4492753623188406,3.250336387518421,-1.8010610251995802
Hong Kah North,Chinese,64.66643134486411,74.30281284039214,-9.636381495528028
Hong Kah North,Malays,22.34380515354748,13.351957454988147,8.991847698559331
Hong Kah North,Indians,10.554182845040593,9.0948933171013,1.4592895279392923
Hong Kah North,Others,2.435580656547829,3.250336387518421,-0.814755730970592
Hong Kah,Chinese,68.4488216672529,74.30281284039214,-5.853991173139235
Hong Kah,Malays,18.659866338374957,13.351957454988147,5.30790888338681
Hong Kah,Indians,10.552233556102708,9.0948933171013,1.4573402390014074
Hong Kah,Others,2.3390784382694334,3.250336387518421,-0.9112579492489874
Holland Road,Chinese,85.40856031128405,74.30281284039214,11.105747470891913
Holland Road,Others,9.53307392996109,3.250336387518421,6.282737542442669
Holland Road,Indians,4.280155642023346,9.0948933171013,-4.8147376750779545
Holland Road,Malays,0.7782101167315175,13.351957454988147,-12.573747338256629
Holland Drive,Chinese,82.91139240506328,74.30281284039214,8.608579564671146
Holland Drive,Malays,8.368495077355837,13.351957454988147,-4.983462377632311
Holland Drive,Indians,5.344585091420535,9.0948933171013,-3.750308225680766
Holland Drive,Others,3.375527426160337,3.250336387518421,0.12519103864191639
Hillview,Chinese,86.44346871569704,74.30281284039214,12.140655875304901
Hillview,Indians,6.311745334796927,9.0948933171013,-2.7831479823043734
Hillview,Others,5.378704720087816,3.250336387518421,2.128368332569395
Hillview,Malays,1.8660812294182216,13.351957454988147,-11.485876225569925
Hillcrest,Chinese,83.10657596371883,74.30281284039214,8.80376312332669
Hillcrest,Others,9.977324263038549,3.250336387518421,6.726987875520128
Hillcrest,Indians,6.235827664399093,9.0948933171013,-2.859065652702208
Hillcrest,Malays,0.6802721088435374,13.351957454988147,-12.67168534614461
Henderson Hill,Chinese,71.17327117327117,74.30281284039214,-3.129541667120961
Henderson Hill,Malays,15.61771561771562,13.351957454988147,2.2657581627274723
Henderson Hill,Indians,10.644910644910645,9.0948933171013,1.5500173278093445
Henderson Hill,Others,2.564102564102564,3.250336387518421,-0.6862338234158569
Guilin,Chinese,70.9063214013709,74.30281284039214,-3.396491439021233
Guilin,Malays,14.623000761614623,13.351957454988147,1.271043306626476
Guilin,Indians,11.195734958111196,9.0948933171013,2.100841641009895
Guilin,Others,3.2749428789032753,3.250336387518421,0.02460649138485449
Goodwood Park,Chinese,74.72527472527473,74.30281284039214,0.42246188488259406
Goodwood Park,Others,14.285714285714285,3.250336387518421,11.035377898195865
Goodwood Park,Indians,9.89010989010989,9.0948933171013,0.7952165730085898
Goodwood Park,Malays,1.098901098901099,13.351957454988147,-12.253056356087049
Gombak,Chinese,84.94404883011191,74.30281284039214,10.641235989719775
Gombak,Indians,6.408952187182096,9.0948933171013,-2.685941129919205
Gombak,Malays,6.408952187182096,13.351957454988147,-6.943005267806051
Gombak,Others,2.238046795523906,3.250336387518421,-1.0122895919945147
Ghim Moh,Chinese,77.64705882352942,74.30281284039214,3.3442459831372844
Ghim Moh,Malays,12.857142857142856,13.351957454988147,-0.49481459784529136
Ghim Moh,Indians,6.890756302521009,9.0948933171013,-2.204137014580292
Ghim Moh,Others,2.6050420168067228,3.250336387518421,-0.645294370711698
Geylang East,Chinese,71.74955062911923,74.30281284039214,-2.5532622112729086
Geylang East,Malays,15.398442180946676,13.351957454988147,2.0464847259585284
Geylang East,Indians,9.197124026363092,9.0948933171013,0.10223070926179112
Geylang East,Others,3.654883163571001,3.250336387518421,0.40454677605258027
Geylang Bahru,Chinese,74.33903576982893,74.30281284039214,0.036222929436789286
Geylang Bahru,Malays,12.363919129082426,13.351957454988147,-0.9880383259057215
Geylang Bahru,Indians,11.66407465007776,9.0948933171013,2.5691813329764592
Geylang Bahru,Others,1.6329704510108864,3.250336387518421,-1.6173659365075344
Gali Batu,Chinese,84.61538461538461,74.30281284039214,10.312571774992477
Gali Batu,Indians,7.6923076923076925,9.0948933171013,-1.4025856247936082
Gali Batu,Others,7.6923076923076925,3.250336387518421,4.441971304789272
Frankel,Chinese,81.7098599940423,74.30281284039214,7.4070471536501685
Frankel,Indians,7.953529937444147,9.0948933171013,-1.1413633796571538
Frankel,Others,6.881143878462913,3.250336387518421,3.630807490944492
Frankel,Malays,3.4554661900506405,13.351957454988147,-9.896491264937506
Fort Canning,Chinese,43.75,74.30281284039214,-30.552812840392136
Fort Canning,Others,37.5,3.250336387518421,34.24966361248158
Fort Canning,Indians,18.75,9.0948933171013,9.6551066828987
Flora Drive,Chinese,78.45559845559845,74.30281284039214,4.152785615206312
Flora Drive,Indians,8.957528957528957,9.0948933171013,-0.13736435957234328
Flora Drive,Malays,8.262548262548263,13.351957454988147,-5.089409192439884
Flora Drive,Others,4.324324324324325,3.250336387518421,1.0739879368059038
Fernvale,Chinese,75.84269662921348,74.30281284039214,1.5398837888213421
Fernvale,Malays,14.522471910112358,13.351957454988147,1.170514455124211
Fernvale,Indians,6.9943820224719095,9.0948933171013,-2.100511294629391
Fernvale,Others,2.640449438202247,3.250336387518421,-0.6098869493161736
Farrer Park,Chinese,66.77316293929712,74.30281284039214,-7.529649901095013
Farrer Park,Indians,29.073482428115017,9.0948933171013,19.97858911101372
Farrer Park,Malays,2.2364217252396164,13.351957454988147,-11.115535729748531
Farrer Park,Others,1.9169329073482428,3.250336387518421,-1.333403480170178
Farrer Court,Chinese,85.04273504273505,74.30281284039214,10.73992220234291
Farrer Court,Others,6.837606837606838,3.250336387518421,3.5872704500884174
Farrer Court,Indians,4.914529914529915,9.0948933171013,-4.180363402571386
Farrer Court,Malays,3.205128205128205,13.351957454988147,-10.146829249859943
Fajar,Chinese,69.81695928277924,74.30281284039214,-4.485853557612899
Fajar,Malays,20.35861038475906,13.351957454988147,7.0066529297709135
Fajar,Indians,7.769891669779604,9.0948933171013,-1.325001647321697
Fajar,Others,2.054538662682107,3.250336387518421,-1.1957977248363139
Faber,Chinese,86.60508083140877,74.30281284039214,12.302267991016635
Faber,Indians,7.159353348729793,9.0948933171013,-1.9355399683715078
Faber,Others,5.311778290993072,3.250336387518421,2.061441903474651
Faber,Malays,0.9237875288683602,13.351957454988147,-12.428169926119788
Everton Park,Chinese,76.60753880266076,74.30281284039214,2.30472596226862
Everton Park,Indians,11.30820399113082,9.0948933171013,2.21331067402952
Everton Park,Malays,7.427937915742794,13.351957454988147,-5.924019539245354
Everton Park,Others,4.656319290465632,3.250336387518421,1.405982902947211
Dunearn,Chinese,83.12020460358056,74.30281284039214,8.817391763188425
Dunearn,Others,8.695652173913043,3.250336387518421,5.445315786394622
Dunearn,Indians,7.672634271099745,9.0948933171013,-1.4222590460015558
Dunearn,Malays,0.5115089514066496,13.351957454988147,-12.840448503581497
Dover,Chinese,79.24242424242425,74.30281284039214,4.939611402032114
Dover,Indians,9.242424242424242,9.0948933171013,0.14753092532294154
Dover,Malays,7.954545454545454,13.351957454988147,-5.397412000442693
Dover,Others,3.5606060606060606,3.250336387518421,0.31026967308763975
Dhoby Ghaut,Chinese,71.42857142857143,74.30281284039214,-2.874241411820705
Dhoby Ghaut,Others,23.809523809523807,3.250336387518421,20.559187422005387
Dhoby Ghaut,Indians,4.761904761904762,9.0948933171013,-4.332988555196539
Depot Road,Chinese,82.88461538461539,74.30281284039214,8.581802544223251
Depot Road,Indians,9.423076923076923,9.0948933171013,0.3281836059756227
Depot Road,Others,4.615384615384616,3.250336387518421,1.365048227866195
Depot Road,Malays,3.076923076923077,13.351957454988147,-10.27503437806507
Dairy Farm,Chinese,86.61710037174721,74.30281284039214,12.314287531355077
Dairy Farm,Indians,6.5055762081784385,9.0948933171013,-2.589317108922862
Dairy Farm,Others,5.390334572490707,3.250336387518421,2.1399981849722858
Dairy Farm,Malays,1.486988847583643,13.351957454988147,-11.864968607404505
Crawford,Chinese,67.65913757700204,74.30281284039214,-6.643675263390094
Crawford,Malays,17.659137577002053,13.351957454988147,4.307180122013905
Crawford,Indians,11.704312114989733,9.0948933171013,2.6094187978884325
Crawford,Others,2.97741273100616,3.250336387518421,-0.2729236565122606
Coronation Road,Chinese,87.05501618122977,74.30281284039214,12.752203340837639
Coronation Road,Others,7.766990291262135,3.250336387518421,4.516653903743714
Coronation Road,Indians,4.692556634304207,9.0948933171013,-4.402336682797094
Coronation Road,Malays,0.48543689320388345,13.351957454988147,-12.866520561784263
Compassvale,Chinese,85.04319654427646,74.30281284039214,10.74038370388432
Compassvale,Malays,7.721382289416846,13.351957454988147,-5.630575165571301
Compassvale,Indians,5.561555075593953,9.0948933171013,-3.533338241507348
Compassvale,Others,1.6738660907127432,3.250336387518421,-1.5764702968056776
Commonwealth,Chinese,74.07862407862407,74.30281284039214,-0.2241887617680618
Commonwealth,Malays,14.373464373464373,13.351957454988147,1.0215069184762253
Commonwealth,Indians,7.2481572481572485,9.0948933171013,-1.8467360689440522
Commonwealth,Others,4.2997542997543,3.250336387518421,1.0494179122358789
Clementi Woods,Chinese,74.466788543571,74.30281284039214,0.16397570317886334
Clementi Woods,Malays,12.431444241316271,13.351957454988147,-0.9205132136718763
Clementi Woods,Indians,9.445460085313833,9.0948933171013,0.3505667682125324
Clementi Woods,Others,3.656307129798903,3.250336387518421,0.40597074228048236
Clementi West,Chinese,68.7120291616039,74.30281284039214,-5.590783678788242
Clementi West,Malays,16.342648845686515,13.351957454988147,2.990691390698368
Clementi West,Indians,12.029161603888214,9.0948933171013,2.9342682867869136
Clementi West,Others,2.916160388821385,3.250336387518421,-0.33417599869703585
Clementi North,Chinese,77.96728158719108,74.30281284039214,3.6644687467989456
Clementi North,Malays,11.590671771667246,13.351957454988147,-1.7612856833209012
Clementi North,Indians,7.344239470936303,9.0948933171013,-1.7506538461649974
Clementi North,Others,3.09780717020536,3.250336387518421,-0.1525292173130608
Clementi Central,Chinese,77.74480712166172,74.30281284039214,3.4419942812695865
Clementi Central,Malays,11.72106824925816,13.351957454988147,-1.6308892057299875
Clementi Central,Indians,7.195845697329377,9.0948933171013,-1.899047619771924
Clementi Central,Others,3.3382789317507418,3.250336387518421,0.08794254423232095
Clarke Quay,Chinese,58.333333333333336,74.30281284039214,-15.9694795070588
Clarke Quay,Others,25.0,3.250336387518421,21.74966361248158
Clarke Quay,Indians,16.666666666666664,9.0948933171013,7.571773349565364
Chong Boon,Chinese,82.14413768375762,74.30281284039214,7.841324843365484
Chong Boon,Indians,8.605234851201148,9.0948933171013,-0.4896584659001526
Chong Boon,Malays,6.991753316600932,13.351957454988147,-6.360204138387215
Chong Boon,Others,2.2588741484403014,3.250336387518421,-0.9914622390781194
Choa Chu Kang North,Chinese,71.58231529959279,74.30281284039214,-2.720497540799343
Choa Chu Kang North,Malays,16.026759744037232,13.351957454988147,2.674802289049085
Choa Chu Kang North,Indians,9.511343804537521,9.0948933171013,0.4164504874362205
Choa Chu Kang North,Others,2.8795811518324608,3.250336387518421,-0.37075523568596
Choa Chu Kang Central,Chinese,75.05838393274172,74.30281284039214,0.7555710923495838
Choa Chu Kang Central,Malays,13.872022419430172,13.351957454988147,0.5200649644420245
Choa Chu Kang Central,Indians,8.267164876226063,9.0948933171013,-0.8277284408752372
Choa Chu Kang Central,Others,2.802428771602055,3.250336387518421,-0.44790761591636574
Chinatown,Chinese,84.68013468013467,74.30281284039214,10.377321839742535
Chinatown,Indians,7.3232323232323235,9.0948933171013,-1.7716609938689771
Chinatown,Malays,5.218855218855219,13.351957454988147,-8.133102236132927
Chinatown,Others,2.7777777777777777,3.250336387518421,-0.4725586097406431
China Square,Chinese,96.25,74.30281284039214,21.947187159607864
China Square,Others,1.875,3.250336387518421,-1.3753363875184208
China Square,Indians,1.25,9.0948933171013,-7.844893317101301
China Square,Malays,0.625,13.351957454988147,-12.726957454988147
Cheng San,Chinese,82.80725319006045,74.30281284039214,8.504440349668315
Cheng San,Indians,7.991940899932841,9.0948933171013,-1.10295241716846
Cheng San,Malays,7.186030893216924,13.351957454988147,-6.165926561771223
Cheng San,Others,2.0147750167897915,3.250336387518421,-1.2355613707286293
Chatsworth,Chinese,68.98954703832753,74.30281284039214,-5.313265802064606
Chatsworth,Others,15.156794425087108,3.250336387518421,11.906458037568687
Chatsworth,Indians,14.982578397212542,9.0948933171013,5.8876850801112415
Chatsworth,Malays,0.8710801393728222,13.351957454988147,-12.480877315615325
Changi West,Chinese,44.252873563218394,74.30281284039214,-30.049939277173742
Changi West,Malays,29.310344827586203,13.351957454988147,15.958387372598056
Changi West,Indians,22.988505747126435,9.0948933171013,13.893612430025135
Changi West,Others,3.4482758620689653,3.250336387518421,0.1979394745505445
Changi Point,Chinese,53.75,74.30281284039214,-20.552812840392136
Changi Point,Malays,26.25,13.351957454988147,12.898042545011853
Changi Point,Indians,10.0,9.0948933171013,0.9051066828986993
Changi Point,Others,10.0,3.250336387518421,6.749663612481579
Central Subzone,Chinese,63.829787234042556,74.30281284039214,-10.47302560634958
Central Subzone,Others,25.53191489361702,3.250336387518421,22.2815785060986
Central Subzone,Indians,8.51063829787234,9.0948933171013,-0.5842550192289604
Central Subzone,Malays,2.127659574468085,13.351957454988147,-11.224297880520062
Cecil,Chinese,56.25,74.30281284039214,-18.052812840392136
Cecil,Others,25.0,3.250336387518421,21.74966361248158
Cecil,Indians,12.5,9.0948933171013,3.4051066828986993
Cecil,Malays,6.25,13.351957454988147,-7.101957454988147
Cairnhill,Chinese,71.77177177177178,74.30281284039214,-2.531041068620354
Cairnhill,Others,15.915915915915916,3.250336387518421,12.665579528397494
Cairnhill,Indians,11.711711711711711,9.0948933171013,2.6168183946104104
Cairnhill,Malays,0.6006006006006006,13.351957454988147,-12.751356854387547
Bukit Merah,Chinese,85.59322033898306,74.30281284039214,11.290407498590923
Bukit Merah,Indians,11.016949152542372,9.0948933171013,1.9220558354410713
Bukit Merah,Malays,1.694915254237288,13.351957454988147,-11.657042200750858
Bukit Merah,Others,1.694915254237288,3.250336387518421,-1.5554211332811327
Bukit Ho Swee,Chinese,80.11049723756905,74.30281284039214,5.807684397176914
Bukit Ho Swee,Malays,9.208103130755065,13.351957454988147,-4.143854324233082
Bukit Ho Swee,Indians,8.225905463474524,9.0948933171013,-0.868987853626777
Bukit Ho Swee,Others,2.4554941682013505,3.250336387518421,-0.7948422193170703
Bukit Batok West,Chinese,70.77024358130349,74.30281284039214,-3.532569259088646
Bukit Batok West,Malays,15.997366688610928,13.351957454988147,2.6454092336227806
Bukit Batok West,Indians,11.257406188281765,9.0948933171013,2.162512871180464
Bukit Batok West,Others,1.9749835418038184,3.250336387518421,-1.2753528457146024
Bukit Batok South,Chinese,74.9820788530466,74.30281284039214,0.6792660126544661
Bukit Batok South,Malays,11.254480286738351,13.351957454988147,-2.097477168249796
Bukit Batok South,Indians,11.11111111111111,9.0948933171013,2.01621779400981
Bukit Batok South,Others,2.6523297491039424,3.250336387518421,-0.5980066384144784
Bukit Batok East,Chinese,63.991769547325106,74.30281284039214,-10.31104329306703
Bukit Batok East,Malays,21.39917695473251,13.351957454988147,8.047219499744363
Bukit Batok East,Indians,12.414266117969822,9.0948933171013,3.3193728008685213
Bukit Batok East,Others,2.194787379972565,3.250336387518421,-1.055549007545856
Bukit Batok Central,Chinese,76.0552570990023,74.30281284039214,1.7524442586101685
Bukit Batok Central,Malays,12.432847275518036,13.351957454988147,-0.9191101794701115
Bukit Batok Central,Indians,9.247889485801995,9.0948933171013,0.1529961687006942
Bukit Batok Central,Others,2.264006139677667,3.250336387518421,-0.9863302478407538
Bugis,Chinese,90.51724137931035,74.30281284039214,16.214428538918213
Bugis,Indians,6.896551724137931,9.0948933171013,-2.19834159296337
Bugis,Others,1.7241379310344827,3.250336387518421,-1.5261984564839381
Bugis,Malays,0.8620689655172413,13.351957454988147,-12.489888489470905
Braddell,Chinese,77.69516728624535,74.30281284039214,3.392354445853215
Braddell,Malays,12.360594795539033,13.351957454988147,-0.9913626594491145
Braddell,Indians,7.063197026022305,9.0948933171013,-2.0316962910789957
Braddell,Others,2.8810408921933086,3.250336387518421,-0.3692954953251122
Boulevard,Chinese,70.73170731707317,74.30281284039214,-3.5711055233189626
Boulevard,Others,21.951219512195124,3.250336387518421,18.700883124676704
Boulevard,Indians,4.878048780487805,9.0948933171013,-4.216844536613496
Boulevard,Malays,2.4390243902439024,13.351957454988147,-10.912933064744244
Boon Teck,Chinese,75.06613756613757,74.30281284039214,0.7633247257454343
Boon Teck,Malays,15.079365079365079,13.351957454988147,1.7274076243769318
Boon Teck,Indians,7.936507936507936,9.0948933171013,-1.1583853805933648
Boon Teck,Others,1.917989417989418,3.250336387518421,-1.332346969529003
Boon Lay Place,Chinese,63.96657023465123,74.30281284039214,-10.336242605740907
Boon Lay Place,Malays,23.85085181613629,13.351957454988147,10.498894361148144
Boon Lay Place,Indians,9.611057537769206,9.0948933171013,0.5161642206679051
Boon Lay Place,Others,2.571520411443266,3.250336387518421,-0.6788159760751546
Boon Keng,Chinese,79.05282331511839,74.30281284039214,4.750010474726253
Boon Keng,Malays,11.384335154826958,13.351957454988147,-1.9676223001611888
Boon Keng,Indians,7.377049180327869,9.0948933171013,-1.717844136773432
Boon Keng,Others,2.185792349726776,3.250336387518421,-1.0645440377916446
Boat Quay,Chinese,61.111111111111114,74.30281284039214,-13.191701729281021
Boat Quay,Others,27.77777777777778,3.250336387518421,24.52744139025936
Boat Quay,Indians,11.11111111111111,9.0948933171013,2.01621779400981
Bishan East,Chinese,83.31599028789456,74.30281284039214,9.013177447502429
Bishan East,Indians,8.879639264654873,9.0948933171013,-0.21525405244642748
Bishan East,Malays,5.064169268123483,13.351957454988147,-8.287788186864663
Bishan East,Others,2.74020117932709,3.250336387518421,-0.5101352081913308
Bendemeer,Chinese,80.63848655039905,74.30281284039214,6.335673710006915
Bendemeer,Indians,12.976647945610406,9.0948933171013,3.881754628509105
Bendemeer,Malays,4.611291752882058,13.351957454988147,-8.740665702106089
Bendemeer,Others,1.7735737511084835,3.250336387518421,-1.4767626364099373
Bencoolen,Chinese,71.23287671232876,74.30281284039214,-3.0699361280633752
Bencoolen,Indians,20.54794520547945,9.0948933171013,11.45305188837815
Bencoolen,Others,5.47945205479452,3.250336387518421,2.2291156672760994
Bencoolen,Malays,2.73972602739726,13.351957454988147,-10.612231427590887
Bedok South,Chinese,76.40164094549716,74.30281284039214,2.098828105105028
Bedok South,Malays,11.506153545614378,13.351957454988147,-1.8458039093737693
Bedok South,Indians,7.384254737253369,9.0948933171013,-1.7106385798479318
Bedok South,Others,4.707950771635085,3.250336387518421,1.4576143841166642
Bedok Reservoir,Chinese,74.43875541551792,74.30281284039214,0.13594257512578167
Bedok Reservoir,Malays,14.572666404096102,13.351957454988147,1.220708949107955
Bedok Reservoir,Indians,7.955888144938952,9.0948933171013,-1.1390051721623484
Bedok Reservoir,Others,3.0326900354470263,3.250336387518421,-0.2176463520713945
Bedok North,Chinese,69.67298964273245,74.30281284039214,-4.6298231976596895
Bedok North,Malays,19.818456883509832,13.351957454988147,6.466499428521685
Bedok North,Indians,7.48283486558827,9.0948933171013,-1.6120584515130307
Bedok North,Others,3.0257186081694405,3.250336387518421,-0.2246177793489803
Bayshore,Chinese,70.05347593582889,74.30281284039214,-4.2493369045632505
Bayshore,Indians,18.181818181818183,9.0948933171013,9.086924864716883
Bayshore,Others,10.026737967914439,3.250336387518421,6.776401580396018
Bayshore,Malays,1.7379679144385027,13.351957454988147,-11.613989540549644
Bangkit,Chinese,74.6532156368222,74.30281284039214,0.35040279643006045
Bangkit,Malays,17.44430432955023,13.351957454988147,4.092346874562084
Bangkit,Indians,6.305170239596469,9.0948933171013,-2.7897230775048314
Bangkit,Others,1.5973097940311056,3.250336387518421,-1.6530265934873152
Balestier,Chinese,80.17934446505876,74.30281284039214,5.876531624666626
Balestier,Indians,9.678416821273963,9.0948933171013,0.5835235041726623
Balestier,Malays,6.153370439084725,13.351957454988147,-7.198587015903422
Balestier,Others,3.9888682745825603,3.250336387518421,0.7385318870641395
Ang Mo Kio Town Centre,Chinese,84.86055776892431,74.30281284039214,10.557744928532173
Ang Mo Kio Town Centre,Indians,7.171314741035857,9.0948933171013,-1.9235785760654434
Ang Mo Kio Town Centre,Malays,4.183266932270916,13.351957454988147,-9.168690522717231
Ang Mo Kio Town Centre,Others,3.7848605577689245,3.250336387518421,0.5345241702505037
Anchorvale,Chinese,77.78654048370137,74.30281284039214,3.483727643309237
Anchorvale,Malays,10.410094637223976,13.351957454988147,-2.9418628177641715
Anchorvale,Indians,9.04311251314406,9.0948933171013,-0.05178080395724116
Anchorvale,Others,2.760252365930599,3.250336387518421,-0.4900840215878217
Anak Bukit,Chinese,91.40127388535032,74.30281284039214,17.098461044958185
Anak Bukit,Indians,3.821656050955414,9.0948933171013,-5.273237266145887
Anak Bukit,Others,3.776160145586897,3.250336387518421,0.5258237580684764
Anak Bukit,Malays,1.0009099181073704,13.351957454988147,-12.351047536880777
Aljunied,Chinese,82.73795252936945,74.30281284039214,8.435139688977316
Aljunied,Malays,7.264444977223687,13.351957454988147,-6.08751247776446
Aljunied,Indians,6.425317669623591,9.0948933171013,-2.6695756474777097
Aljunied,Others,3.572284823783265,3.250336387518421,0.32194843626484415
Alexandra North,Chinese,74.25742574257426,74.30281284039214,-0.04538709781787986
Alexandra North,Indians,13.861386138613863,9.0948933171013,4.766492821512562
Alexandra North,Others,10.891089108910892,3.250336387518421,7.640752721392471
Alexandra North,Malays,0.9900990099009901,13.351957454988147,-12.361858445087158
Alexandra Hill,Chinese,72.39616613418531,74.30281284039214,-1.9066467062068284
Alexandra Hill,Malays,14.696485623003195,13.351957454988147,1.3445281680150476
Alexandra Hill,Indians,10.86261980830671,9.0948933171013,1.7677264912054085
Alexandra Hill,Others,2.0447284345047922,3.250336387518421,-1.2056079530136286
Admiralty,Chinese,71.11111111111111,74.30281284039214,-3.1917017292810215
Admiralty,Malays,15.902777777777777,13.351957454988147,2.5508203227896296
Admiralty,Indians,9.23611111111111,9.0948933171013,0.14121779400981005
Admiralty,Others,3.75,3.250336387518421,0.4996636124815792
